Month.x,Year.x,denguecases,MonthYear,AvgMeanTemp,MaxTemp,MinTemp,TotalDailyRain,Total30MinRain,Total60MinRain,Total120MinRain,Electricity_KWh
1,2014,1887,2014-01,26.203225806451613,31.8,22.4,75.39999999999999,0,0,0,411.8
1,2014,1887,2014-01,26.203225806451613,31.8,22.4,75.39999999999999,0,0,0,302
1,2014,1887,2014-01,26.203225806451613,31.8,22.4,75.39999999999999,0,0,0,297.3999999999999
1,2014,1887,2014-01,26.203225806451613,31.8,22.4,75.39999999999999,0,0,0,659.5
1,2014,1887,2014-01,26.203225806451613,31.8,22.4,75.39999999999999,0,0,0,659.5
1,2015,982,2015-01,26.861290322580643,32.4,23.3,79.6,0,0,0,432.6
1,2015,982,2015-01,26.861290322580643,32.4,23.3,79.6,0,0,0,317
1,2015,982,2015-01,26.861290322580643,32.4,23.3,79.6,0,0,0,310.8999999999999
1,2015,982,2015-01,26.861290322580643,32.4,23.3,79.6,0,0,0,722
1,2015,982,2015-01,26.861290322580643,32.4,23.3,79.6,0,0,0,720.6
1,2016,2428,2016-01,28.29032258064516,32.8,22.9,127,0,0,0,443.2
1,2016,2428,2016-01,28.29032258064516,32.8,22.9,127,0,0,0,384.6
1,2016,2428,2016-01,28.29032258064516,32.8,22.9,127,0,0,0,379.3
1,2016,2428,2016-01,28.29032258064516,32.8,22.9,127,0,0,0,619
1,2016,2428,2016-01,28.29032258064516,32.8,22.9,127,0,0,0,807.8
1,2016,2428,2016-01,28.29032258064516,32.8,22.9,127,0,0,0,293.3999999999999
1,2017,298,2017-01,26.941935483870967,33.7,21.8,197.8,0,0,0,423
1,2017,298,2017-01,26.941935483870967,33.7,21.8,197.8,0,0,0,334.7
1,2017,298,2017-01,26.941935483870967,33.7,21.8,197.8,0,0,0,331.1
1,2017,298,2017-01,26.941935483870967,33.7,21.8,197.8,0,0,0,658.8
1,2017,298,2017-01,26.941935483870967,33.7,21.8,197.8,0,0,0,863.7
1,2017,298,2017-01,26.941935483870967,33.7,21.8,197.8,0,0,0,268.8
1,2018,298,2018-01,26.112903225806452,33.2,21.3,287,0,0,0,399.7
1,2018,298,2018-01,26.112903225806452,33.2,21.3,287,0,0,0,340.6
1,2018,298,2018-01,26.112903225806452,33.2,21.3,287,0,0,0,337
1,2018,298,2018-01,26.112903225806452,33.2,21.3,287,0,0,0,626.8
1,2018,298,2018-01,26.112903225806452,33.2,21.3,287,0,0,0,789.8
1,2018,298,2018-01,26.112903225806452,33.2,21.3,287,0,0,0,235.6
1,2019,1071,2019-01,27.974193548387095,33.4,23.5,63.6,0,0,0,404.7
1,2019,1071,2019-01,27.974193548387095,33.4,23.5,63.6,0,0,0,314.8
1,2019,1071,2019-01,27.974193548387095,33.4,23.5,63.6,0,0,0,311.8999999999999
1,2019,1071,2019-01,27.974193548387095,33.4,23.5,63.6,0,0,0,593.7
1,2019,1071,2019-01,27.974193548387095,33.4,23.5,63.6,0,0,0,764.6
1,2019,1071,2019-01,27.974193548387095,33.4,23.5,63.6,0,0,0,209.2
1,2020,1729,2020-01,27.73225806451613,32.8,23.8,88.4,0,0,0,406
1,2020,1729,2020-01,27.73225806451613,32.8,23.8,88.4,0,0,0,308.2
1,2020,1729,2020-01,27.73225806451613,32.8,23.8,88.4,0,0,0,304.6
1,2020,1729,2020-01,27.73225806451613,32.8,23.8,88.4,0,0,0,612.9
1,2020,1729,2020-01,27.73225806451613,32.8,23.8,88.4,0,0,0,806.7
1,2020,1729,2020-01,27.73225806451613,32.8,23.8,88.4,0,0,0,222.2
1,2021,647,2021-01,25.980645161290322,31.6,21.7,1385.6,292,407.6,529.2,400.7
1,2021,647,2021-01,25.980645161290322,31.6,21.7,1385.6,292,407.6,529.2,349.9
1,2021,647,2021-01,25.980645161290322,31.6,21.7,1385.6,292,407.6,529.2,347.8
1,2021,647,2021-01,25.980645161290322,31.6,21.7,1385.6,292,407.6,529.2,574
1,2021,647,2021-01,25.980645161290322,31.6,21.7,1385.6,292,407.6,529.2,727.7
1,2021,647,2021-01,25.980645161290322,31.6,21.7,1385.6,292,407.6,529.2,228.3
1,2022,603,2022-01,27.448387096774194,33.1,23.2,199.6,72,92,105.6,416.3
1,2022,603,2022-01,27.448387096774194,33.1,23.2,199.6,72,92,105.6,360.4
1,2022,603,2022-01,27.448387096774194,33.1,23.2,199.6,72,92,105.6,359
1,2022,603,2022-01,27.448387096774194,33.1,23.2,199.6,72,92,105.6,627.9
1,2022,603,2022-01,27.448387096774194,33.1,23.2,199.6,72,92,105.6,804.1
1,2022,603,2022-01,27.448387096774194,33.1,23.2,199.6,72,92,105.6,229.8
1,2023,1016,2023-01,26.53548387096774,34.2,22.4,605.2,204.4,252,339.2,376
1,2023,1016,2023-01,26.53548387096774,34.2,22.4,605.2,204.4,252,339.2,265.7
1,2023,1016,2023-01,26.53548387096774,34.2,22.4,605.2,204.4,252,339.2,264
1,2023,1016,2023-01,26.53548387096774,34.2,22.4,605.2,204.4,252,339.2,580.1
1,2023,1016,2023-01,26.53548387096774,34.2,22.4,605.2,204.4,252,339.2,726.5
1,2023,1016,2023-01,26.53548387096774,34.2,22.4,605.2,204.4,252,339.2,255.1
1,2024,2024,2024-01,26.822580645161292,32.9,23.2,999.2,416.4,542.8,668,393.5
1,2024,2024,2024-01,26.822580645161292,32.9,23.2,999.2,416.4,542.8,668,284
1,2024,2024,2024-01,26.822580645161292,32.9,23.2,999.2,416.4,542.8,668,282.5
1,2024,2024,2024-01,26.822580645161292,32.9,23.2,999.2,416.4,542.8,668,579.8
1,2024,2024,2024-01,26.822580645161292,32.9,23.2,999.2,416.4,542.8,668,753.2
1,2024,2024,2024-01,26.822580645161292,32.9,23.2,999.2,416.4,542.8,668,248.8
2,2014,1024,2014-02,27.225,33.8,22.4,0.2,0,0,0,351.4
2,2014,1024,2014-02,27.225,33.8,22.4,0.2,0,0,0,295.5
2,2014,1024,2014-02,27.225,33.8,22.4,0.2,0,0,0,291.7
2,2014,1024,2014-02,27.225,33.8,22.4,0.2,0,0,0,551.8
2,2014,1024,2014-02,27.225,33.8,22.4,0.2,0,0,0,551.9
2,2015,656,2015-02,26.975,33.6,23.1,18.8,0,0,0,347.7
2,2015,656,2015-02,26.975,33.6,23.1,18.8,0,0,0,280.1
2,2015,656,2015-02,26.975,33.6,23.1,18.8,0,0,0,276.5
2,2015,656,2015-02,26.975,33.6,23.1,18.8,0,0,0,576.3
2,2015,656,2015-02,26.975,33.6,23.1,18.8,0,0,0,574.3
2,2016,2045,2016-02,27.83448275862069,32.7,23.3,186,0,0,0,431
2,2016,2045,2016-02,27.83448275862069,32.7,23.3,186,0,0,0,342.3
2,2016,2045,2016-02,27.83448275862069,32.7,23.3,186,0,0,0,339.2
2,2016,2045,2016-02,27.83448275862069,32.7,23.3,186,0,0,0,602.9
2,2016,2045,2016-02,27.83448275862069,32.7,23.3,186,0,0,0,784.1
2,2016,2045,2016-02,27.83448275862069,32.7,23.3,186,0,0,0,299.3
2,2017,246,2017-02,26.92142857142857,32.4,22.6,159.2,0,0,0,350.1
2,2017,246,2017-02,26.92142857142857,32.4,22.6,159.2,0,0,0,293.1
2,2017,246,2017-02,26.92142857142857,32.4,22.6,159.2,0,0,0,290.1
2,2017,246,2017-02,26.92142857142857,32.4,22.6,159.2,0,0,0,515.5
2,2017,246,2017-02,26.92142857142857,32.4,22.6,159.2,0,0,0,633
2,2017,246,2017-02,26.92142857142857,32.4,22.6,159.2,0,0,0,256.6
2,2018,168,2018-02,27.160714285714285,33.5,23.5,14.8,0,0,0,351.8
2,2018,168,2018-02,27.160714285714285,33.5,23.5,14.8,0,0,0,259
2,2018,168,2018-02,27.160714285714285,33.5,23.5,14.8,0,0,0,256.2
2,2018,168,2018-02,27.160714285714285,33.5,23.5,14.8,0,0,0,522.6
2,2018,168,2018-02,27.160714285714285,33.5,23.5,14.8,0,0,0,645.5
2,2018,168,2018-02,27.160714285714285,33.5,23.5,14.8,0,0,0,222.4
2,2019,712,2019-02,28.21785714285714,34.1,21.9,31.599999999999998,0,0,0,433.3
2,2019,712,2019-02,28.21785714285714,34.1,21.9,31.599999999999998,0,0,0,326.8
2,2019,712,2019-02,28.21785714285714,34.1,21.9,31.599999999999998,0,0,0,323.8999999999999
2,2019,712,2019-02,28.21785714285714,34.1,21.9,31.599999999999998,0,0,0,646.9
2,2019,712,2019-02,28.21785714285714,34.1,21.9,31.599999999999998,0,0,0,835.8
2,2019,712,2019-02,28.21785714285714,34.1,21.9,31.599999999999998,0,0,0,215.3
2,2020,1535,2020-02,27.858620689655172,33.1,23.7,65,0,0,0,423.4
2,2020,1535,2020-02,27.858620689655172,33.1,23.7,65,0,0,0,369.1
2,2020,1535,2020-02,27.858620689655172,33.1,23.7,65,0,0,0,367.6
2,2020,1535,2020-02,27.858620689655172,33.1,23.7,65,0,0,0,618.4
2,2020,1535,2020-02,27.858620689655172,33.1,23.7,65,0,0,0,786.2
2,2020,1535,2020-02,27.858620689655172,33.1,23.7,65,0,0,0,285.7
2,2021,578,2021-02,27.271428571428572,33.7,23.7,2,2,2,2,384.2
2,2021,578,2021-02,27.271428571428572,33.7,23.7,2,2,2,2,277.5
2,2021,578,2021-02,27.271428571428572,33.7,23.7,2,2,2,2,275.8
2,2021,578,2021-02,27.271428571428572,33.7,23.7,2,2,2,2,531.7
2,2021,578,2021-02,27.271428571428572,33.7,23.7,2,2,2,2,701.9
2,2021,578,2021-02,27.271428571428572,33.7,23.7,2,2,2,2,156.1
2,2022,730,2022-02,27.289285714285715,33.6,22.6,350,172.8,227.6,252.4,401
2,2022,730,2022-02,27.289285714285715,33.6,22.6,350,172.8,227.6,252.4,314.3
2,2022,730,2022-02,27.289285714285715,33.6,22.6,350,172.8,227.6,252.4,313.2
2,2022,730,2022-02,27.289285714285715,33.6,22.6,350,172.8,227.6,252.4,599.5
2,2022,730,2022-02,27.289285714285715,33.6,22.6,350,172.8,227.6,252.4,754.1
2,2022,730,2022-02,27.289285714285715,33.6,22.6,350,172.8,227.6,252.4,237.8
2,2023,728,2023-02,26.946428571428573,32,21.7,648.8000000000001,214.8,306.4,380.4,352.3
2,2023,728,2023-02,26.946428571428573,32,21.7,648.8000000000001,214.8,306.4,380.4,237.9
2,2023,728,2023-02,26.946428571428573,32,21.7,648.8000000000001,214.8,306.4,380.4,236.5
2,2023,728,2023-02,26.946428571428573,32,21.7,648.8000000000001,214.8,306.4,380.4,537.6
2,2023,728,2023-02,26.946428571428573,32,21.7,648.8000000000001,214.8,306.4,380.4,674
2,2023,728,2023-02,26.946428571428573,32,21.7,648.8000000000001,214.8,306.4,380.4,248.8
2,2024,1775,2024-02,28.224137931034484,33.4,24.3,120.39999999999999,60.800000000000004,87.6,104.4,426.2
2,2024,1775,2024-02,28.224137931034484,33.4,24.3,120.39999999999999,60.800000000000004,87.6,104.4,255.1
2,2024,1775,2024-02,28.224137931034484,33.4,24.3,120.39999999999999,60.800000000000004,87.6,104.4,253.4
2,2024,1775,2024-02,28.224137931034484,33.4,24.3,120.39999999999999,60.800000000000004,87.6,104.4,608.9
2,2024,1775,2024-02,28.224137931034484,33.4,24.3,120.39999999999999,60.800000000000004,87.6,104.4,798.2
2,2024,1775,2024-02,28.224137931034484,33.4,24.3,120.39999999999999,60.800000000000004,87.6,104.4,253.3
3,2014,870,2014-03,27.93225806451613,34.4,23.6,66,0,0,0,377.3
3,2014,870,2014-03,27.93225806451613,34.4,23.6,66,0,0,0,283.7
3,2014,870,2014-03,27.93225806451613,34.4,23.6,66,0,0,0,279.6
3,2014,870,2014-03,27.93225806451613,34.4,23.6,66,0,0,0,651.5
3,2014,870,2014-03,27.93225806451613,34.4,23.6,66,0,0,0,652
3,2015,521,2015-03,28.15483870967742,34.4,23.4,84.4,0,0,0,400.2
3,2015,521,2015-03,28.15483870967742,34.4,23.4,84.4,0,0,0,292
3,2015,521,2015-03,28.15483870967742,34.4,23.4,84.4,0,0,0,287.3
3,2015,521,2015-03,28.15483870967742,34.4,23.4,84.4,0,0,0,720.6
3,2015,521,2015-03,28.15483870967742,34.4,23.4,84.4,0,0,0,719.8
3,2016,1863,2016-03,28.983870967741936,34.1,25.4,6.2,0,0,0,438
3,2016,1863,2016-03,28.983870967741936,34.1,25.4,6.2,0,0,0,338
3,2016,1863,2016-03,28.983870967741936,34.1,25.4,6.2,0,0,0,334.5
3,2016,1863,2016-03,28.983870967741936,34.1,25.4,6.2,0,0,0,627.3
3,2016,1863,2016-03,28.983870967741936,34.1,25.4,6.2,0,0,0,820
3,2016,1863,2016-03,28.983870967741936,34.1,25.4,6.2,0,0,0,298
3,2017,190,2017-03,27.364516129032257,33.3,22.9,136.6,0,0,0,398
3,2017,190,2017-03,27.364516129032257,33.3,22.9,136.6,0,0,0,355.4
3,2017,190,2017-03,27.364516129032257,33.3,22.9,136.6,0,0,0,352.4
3,2017,190,2017-03,27.364516129032257,33.3,22.9,136.6,0,0,0,567.7
3,2017,190,2017-03,27.364516129032257,33.3,22.9,136.6,0,0,0,717.2
3,2017,190,2017-03,27.364516129032257,33.3,22.9,136.6,0,0,0,233.1
3,2018,136,2018-03,27.970967741935485,34.2,23.6,44.6,0,0,0,389.3
3,2018,136,2018-03,27.970967741935485,34.2,23.6,44.6,0,0,0,304.6
3,2018,136,2018-03,27.970967741935485,34.2,23.6,44.6,0,0,0,301.3
3,2018,136,2018-03,27.970967741935485,34.2,23.6,44.6,0,0,0,527.4
3,2018,136,2018-03,27.970967741935485,34.2,23.6,44.6,0,0,0,667.5
3,2018,136,2018-03,27.970967741935485,34.2,23.6,44.6,0,0,0,187.6
3,2019,440,2019-03,28.703225806451613,34.8,22.3,72.2,0,0,0,352.1
3,2019,440,2019-03,28.703225806451613,34.8,22.3,72.2,0,0,0,264.6
3,2019,440,2019-03,28.703225806451613,34.8,22.3,72.2,0,0,0,263.3999999999999
3,2019,440,2019-03,28.703225806451613,34.8,22.3,72.2,0,0,0,536.8
3,2019,440,2019-03,28.703225806451613,34.8,22.3,72.2,0,0,0,683.1
3,2019,440,2019-03,28.703225806451613,34.8,22.3,72.2,0,0,0,195.5
3,2020,1509,2020-03,28.616129032258065,34,24.1,108.8,0,0,0,406.8
3,2020,1509,2020-03,28.616129032258065,34,24.1,108.8,0,0,0,294
3,2020,1509,2020-03,28.616129032258065,34,24.1,108.8,0,0,0,291.8
3,2020,1509,2020-03,28.616129032258065,34,24.1,108.8,0,0,0,592.2
3,2020,1509,2020-03,28.616129032258065,34,24.1,108.8,0,0,0,782.3
3,2020,1509,2020-03,28.616129032258065,34,24.1,108.8,0,0,0,196.4
3,2021,647,2021-03,27.92258064516129,34.2,23,364.8,215.6,280.8,326,401
3,2021,647,2021-03,27.92258064516129,34.2,23,364.8,215.6,280.8,326,284
3,2021,647,2021-03,27.92258064516129,34.2,23,364.8,215.6,280.8,326,282.3
3,2021,647,2021-03,27.92258064516129,34.2,23,364.8,215.6,280.8,326,587
3,2021,647,2021-03,27.92258064516129,34.2,23,364.8,215.6,280.8,326,743.8
3,2021,647,2021-03,27.92258064516129,34.2,23,364.8,215.6,280.8,326,219.2
3,2022,2004,2022-03,28.09032258064516,34.2,23,326.4,227.6,271.6,305.6,426.8
3,2022,2004,2022-03,28.09032258064516,34.2,23,326.4,227.6,271.6,305.6,314.5
3,2022,2004,2022-03,28.09032258064516,34.2,23,326.4,227.6,271.6,305.6,313.3999999999999
3,2022,2004,2022-03,28.09032258064516,34.2,23,326.4,227.6,271.6,305.6,650.4
3,2022,2004,2022-03,28.09032258064516,34.2,23,326.4,227.6,271.6,305.6,835.4
3,2022,2004,2022-03,28.09032258064516,34.2,23,326.4,227.6,271.6,305.6,231.8
3,2023,615,2023-03,27.070967741935483,33.6,21.8,486.8,172,247.6,308.8,374.9
3,2023,615,2023-03,27.070967741935483,33.6,21.8,486.8,172,247.6,308.8,268.3
3,2023,615,2023-03,27.070967741935483,33.6,21.8,486.8,172,247.6,308.8,266.8
3,2023,615,2023-03,27.070967741935483,33.6,21.8,486.8,172,247.6,308.8,558.7
3,2023,615,2023-03,27.070967741935483,33.6,21.8,486.8,172,247.6,308.8,721.8
3,2023,615,2023-03,27.070967741935483,33.6,21.8,486.8,172,247.6,308.8,224.7
3,2024,1367,2024-03,28.83225806451613,35.2,22.5,322.4,236.4,277.2,292,386.1
3,2024,1367,2024-03,28.83225806451613,35.2,22.5,322.4,236.4,277.2,292,246.6
3,2024,1367,2024-03,28.83225806451613,35.2,22.5,322.4,236.4,277.2,292,245.2
3,2024,1367,2024-03,28.83225806451613,35.2,22.5,322.4,236.4,277.2,292,540.3
3,2024,1367,2024-03,28.83225806451613,35.2,22.5,322.4,236.4,277.2,292,724.7
3,2024,1367,2024-03,28.83225806451613,35.2,22.5,322.4,236.4,277.2,292,200.9
4,2014,1253,2014-04,28.23,34.5,22.8,110,0,0,0,459.8
4,2014,1253,2014-04,28.23,34.5,22.8,110,0,0,0,348.5
4,2014,1253,2014-04,28.23,34.5,22.8,110,0,0,0,342.1
4,2014,1253,2014-04,28.23,34.5,22.8,110,0,0,0,724.9
4,2014,1253,2014-04,28.23,34.5,22.8,110,0,0,0,725.5
4,2015,567,2015-04,28.6,34.4,24,73.2,0,0,0,502.6
4,2015,567,2015-04,28.6,34.4,24,73.2,0,0,0,379.9
4,2015,567,2015-04,28.6,34.4,24,73.2,0,0,0,374.5
4,2015,567,2015-04,28.6,34.4,24,73.2,0,0,0,810.3
4,2015,567,2015-04,28.6,34.4,24,73.2,0,0,0,809.4
4,2016,986,2016-04,29.44,35,25.3,89.8,0,0,0,517.8
4,2016,986,2016-04,29.44,35,25.3,89.8,0,0,0,420
4,2016,986,2016-04,29.44,35,25.3,89.8,0,0,0,414.2
4,2016,986,2016-04,29.44,35,25.3,89.8,0,0,0,707
4,2016,986,2016-04,29.44,35,25.3,89.8,0,0,0,916.2
4,2016,986,2016-04,29.44,35,25.3,89.8,0,0,0,347
4,2017,157,2017-04,27.786666666666665,34.4,22.8,210.4,0,0,0,446
4,2017,157,2017-04,27.786666666666665,34.4,22.8,210.4,0,0,0,382.2
4,2017,157,2017-04,27.786666666666665,34.4,22.8,210.4,0,0,0,378
4,2017,157,2017-04,27.786666666666665,34.4,22.8,210.4,0,0,0,633.4
4,2017,157,2017-04,27.786666666666665,34.4,22.8,210.4,0,0,0,800.5
4,2017,157,2017-04,27.786666666666665,34.4,22.8,210.4,0,0,0,252
4,2018,188,2018-04,28.496666666666666,35,22.6,61.2,0,0,0,492
4,2018,188,2018-04,28.496666666666666,35,22.6,61.2,0,0,0,375.9
4,2018,188,2018-04,28.496666666666666,35,22.6,61.2,0,0,0,372.1
4,2018,188,2018-04,28.496666666666666,35,22.6,61.2,0,0,0,753.9
4,2018,188,2018-04,28.496666666666666,35,22.6,61.2,0,0,0,930.3
4,2018,188,2018-04,28.496666666666666,35,22.6,61.2,0,0,0,314.5
4,2019,525,2019-04,28.64666666666667,34.5,22.7,174.8,0,0,0,414.5
4,2019,525,2019-04,28.64666666666667,34.5,22.7,174.8,0,0,0,373.8
4,2019,525,2019-04,28.64666666666667,34.5,22.7,174.8,0,0,0,370.7
4,2019,525,2019-04,28.64666666666667,34.5,22.7,174.8,0,0,0,599.1
4,2019,525,2019-04,28.64666666666667,34.5,22.7,174.8,0,0,0,790.3
4,2019,525,2019-04,28.64666666666667,34.5,22.7,174.8,0,0,0,204.6
4,2020,1807,2020-04,28.85,34.6,23.8,376,232.8,297.2,323.2,479.1
4,2020,1807,2020-04,28.85,34.6,23.8,376,232.8,297.2,323.2,321.6
4,2020,1807,2020-04,28.85,34.6,23.8,376,232.8,297.2,323.2,319.3999999999999
4,2020,1807,2020-04,28.85,34.6,23.8,376,232.8,297.2,323.2,689.7
4,2020,1807,2020-04,28.85,34.6,23.8,376,232.8,297.2,323.2,925.4
4,2020,1807,2020-04,28.85,34.6,23.8,376,232.8,297.2,323.2,218.4
4,2021,427,2021-04,28.243333333333332,34.7,23.1,580.8,300,406.8,478,492.4
4,2021,427,2021-04,28.243333333333332,34.7,23.1,580.8,300,406.8,478,360.5
4,2021,427,2021-04,28.243333333333332,34.7,23.1,580.8,300,406.8,478,357.9
4,2021,427,2021-04,28.243333333333332,34.7,23.1,580.8,300,406.8,478,707
4,2021,427,2021-04,28.243333333333332,34.7,23.1,580.8,300,406.8,478,887.3
4,2021,427,2021-04,28.243333333333332,34.7,23.1,580.8,300,406.8,478,277.7
4,2022,3322,2022-04,28.1,34,23.1,479.2,309.2,401.2,446.40000000000003,452.3
4,2022,3322,2022-04,28.1,34,23.1,479.2,309.2,401.2,446.40000000000003,343.5
4,2022,3322,2022-04,28.1,34,23.1,479.2,309.2,401.2,446.40000000000003,344.5
4,2022,3322,2022-04,28.1,34,23.1,479.2,309.2,401.2,446.40000000000003,641.8
4,2022,3322,2022-04,28.1,34,23.1,479.2,309.2,401.2,446.40000000000003,847.7
4,2022,3322,2022-04,28.1,34,23.1,479.2,309.2,401.2,446.40000000000003,216.5
4,2023,489,2023-04,28.543333333333333,34.3,23,445.59999999999997,312,401.2,428.4,439.1
4,2023,489,2023-04,28.543333333333333,34.3,23,445.59999999999997,312,401.2,428.4,333.4
4,2023,489,2023-04,28.543333333333333,34.3,23,445.59999999999997,312,401.2,428.4,330.7
4,2023,489,2023-04,28.543333333333333,34.3,23,445.59999999999997,312,401.2,428.4,597.2
4,2023,489,2023-04,28.543333333333333,34.3,23,445.59999999999997,312,401.2,428.4,768.9
4,2023,489,2023-04,28.543333333333333,34.3,23,445.59999999999997,312,401.2,428.4,251.1
4,2024,1400,2024-04,29.38,35.8,24.2,409.6,215.6,273.6,296,520.9
4,2024,1400,2024-04,29.38,35.8,24.2,409.6,215.6,273.6,296,407.3
4,2024,1400,2024-04,29.38,35.8,24.2,409.6,215.6,273.6,296,405.9
4,2024,1400,2024-04,29.38,35.8,24.2,409.6,215.6,273.6,296,735.7
4,2024,1400,2024-04,29.38,35.8,24.2,409.6,215.6,273.6,296,947.8
4,2024,1400,2024-04,29.38,35.8,24.2,409.6,215.6,273.6,296,331.1
5,2014,1436,2014-05,28.564516129032256,33.8,23,125.8,0,0,0,449.4
5,2014,1436,2014-05,28.564516129032256,33.8,23,125.8,0,0,0,328.6
5,2014,1436,2014-05,28.564516129032256,33.8,23,125.8,0,0,0,323.2
5,2014,1436,2014-05,28.564516129032256,33.8,23,125.8,0,0,0,750.4
5,2014,1436,2014-05,28.564516129032256,33.8,23,125.8,0,0,0,751.5
5,2015,582,2015-05,28.73548387096774,34.2,24,89,0,0,0,433.7
5,2015,582,2015-05,28.73548387096774,34.2,24,89,0,0,0,366.2
5,2015,582,2015-05,28.73548387096774,34.2,24,89,0,0,0,361.1
5,2015,582,2015-05,28.73548387096774,34.2,24,89,0,0,0,611.2
5,2015,582,2015-05,28.73548387096774,34.2,24,89,0,0,0,826.7
5,2015,582,2015-05,28.73548387096774,34.2,24,89,0,0,0,245.9
5,2016,807,2016-05,29.28709677419355,34.6,23.9,193.8,0,0,0,466.6
5,2016,807,2016-05,29.28709677419355,34.6,23.9,193.8,0,0,0,388.1
5,2016,807,2016-05,29.28709677419355,34.6,23.9,193.8,0,0,0,383.5
5,2016,807,2016-05,29.28709677419355,34.6,23.9,193.8,0,0,0,635.2
5,2016,807,2016-05,29.28709677419355,34.6,23.9,193.8,0,0,0,809.8
5,2016,807,2016-05,29.28709677419355,34.6,23.9,193.8,0,0,0,321.8
5,2017,254,2017-05,28.470967741935485,32.8,23.6,191.4,0,0,0,405.9
5,2017,254,2017-05,28.470967741935485,32.8,23.6,191.4,0,0,0,351.4
5,2017,254,2017-05,28.470967741935485,32.8,23.6,191.4,0,0,0,347.7
5,2017,254,2017-05,28.470967741935485,32.8,23.6,191.4,0,0,0,598.9
5,2017,254,2017-05,28.470967741935485,32.8,23.6,191.4,0,0,0,745.9
5,2017,254,2017-05,28.470967741935485,32.8,23.6,191.4,0,0,0,270.3999999999999
5,2018,322,2018-05,28.648387096774194,34.2,23.6,132.2,0,0,0,444.3
5,2018,322,2018-05,28.648387096774194,34.2,23.6,132.2,0,0,0,336.8
5,2018,322,2018-05,28.648387096774194,34.2,23.6,132.2,0,0,0,333.3
5,2018,322,2018-05,28.648387096774194,34.2,23.6,132.2,0,0,0,633.9
5,2018,322,2018-05,28.648387096774194,34.2,23.6,132.2,0,0,0,787.4
5,2018,322,2018-05,28.648387096774194,34.2,23.6,132.2,0,0,0,258.8
5,2019,1569,2019-05,29.261290322580646,34.7,22.8,69,0,0,0,447.8
5,2019,1569,2019-05,29.261290322580646,34.7,22.8,69,0,0,0,351.8
5,2019,1569,2019-05,29.261290322580646,34.7,22.8,69,0,0,0,348.9
5,2019,1569,2019-05,29.261290322580646,34.7,22.8,69,0,0,0,617.9
5,2019,1569,2019-05,29.261290322580646,34.7,22.8,69,0,0,0,791.3
5,2019,1569,2019-05,29.261290322580646,34.7,22.8,69,0,0,0,233.6
5,2020,2384,2020-05,28.912903225806453,34.5,23.6,511.2,352.8,459.2,505.59999999999997,459.7
5,2020,2384,2020-05,28.912903225806453,34.5,23.6,511.2,352.8,459.2,505.59999999999997,337.2
5,2020,2384,2020-05,28.912903225806453,34.5,23.6,511.2,352.8,459.2,505.59999999999997,334.9
5,2020,2384,2020-05,28.912903225806453,34.5,23.6,511.2,352.8,459.2,505.59999999999997,624.4
5,2020,2384,2020-05,28.912903225806453,34.5,23.6,511.2,352.8,459.2,505.59999999999997,838.1
5,2020,2384,2020-05,28.912903225806453,34.5,23.6,511.2,352.8,459.2,505.59999999999997,197
5,2021,457,2021-05,28.703225806451613,33.6,22.9,491.59999999999997,339.6,422,460.8,448.1
5,2021,457,2021-05,28.703225806451613,33.6,22.9,491.59999999999997,339.6,422,460.8,309.8
5,2021,457,2021-05,28.703225806451613,33.6,22.9,491.59999999999997,339.6,422,460.8,307.8
5,2021,457,2021-05,28.703225806451613,33.6,22.9,491.59999999999997,339.6,422,460.8,643.5
5,2021,457,2021-05,28.703225806451613,33.6,22.9,491.59999999999997,339.6,422,460.8,831.8
5,2021,457,2021-05,28.703225806451613,33.6,22.9,491.59999999999997,339.6,422,460.8,214.2
5,2022,5004,2022-05,29.161290322580644,35.4,23.5,204,149.6,172,192,458.2
5,2022,5004,2022-05,29.161290322580644,35.4,23.5,204,149.6,172,192,320.1
5,2022,5004,2022-05,29.161290322580644,35.4,23.5,204,149.6,172,192,319.2
5,2022,5004,2022-05,29.161290322580644,35.4,23.5,204,149.6,172,192,671.2
5,2022,5004,2022-05,29.161290322580644,35.4,23.5,204,149.6,172,192,864
5,2022,5004,2022-05,29.161290322580644,35.4,23.5,204,149.6,172,192,272.8999999999999
5,2023,584,2023-05,29.454838709677418,35,23.4,225.6,166,208.4,218,423.8
5,2023,584,2023-05,29.454838709677418,35,23.4,225.6,166,208.4,218,282.6
5,2023,584,2023-05,29.454838709677418,35,23.4,225.6,166,208.4,218,280.6
5,2023,584,2023-05,29.454838709677418,35,23.4,225.6,166,208.4,218,652.8
5,2023,584,2023-05,29.454838709677418,35,23.4,225.6,166,208.4,218,817.3
5,2023,584,2023-05,29.454838709677418,35,23.4,225.6,166,208.4,218,310.3999999999999
5,2024,1466,2024-05,29.13225806451613,34.1,24.4,452.8,280.4,326.40000000000003,349.6,474
5,2024,1466,2024-05,29.13225806451613,34.1,24.4,452.8,280.4,326.40000000000003,349.6,331.8
5,2024,1466,2024-05,29.13225806451613,34.1,24.4,452.8,280.4,326.40000000000003,349.6,330.3
5,2024,1466,2024-05,29.13225806451613,34.1,24.4,452.8,280.4,326.40000000000003,349.6,661.4
5,2024,1466,2024-05,29.13225806451613,34.1,24.4,452.8,280.4,326.40000000000003,349.6,875.8
5,2024,1466,2024-05,29.13225806451613,34.1,24.4,452.8,280.4,326.40000000000003,349.6,255.5
6,2014,2187,2014-06,29.036666666666665,33.6,23,71.4,0,0,0,490.4
6,2014,2187,2014-06,29.036666666666665,33.6,23,71.4,0,0,0,400.1
6,2014,2187,2014-06,29.036666666666665,33.6,23,71.4,0,0,0,393.9
6,2014,2187,2014-06,29.036666666666665,33.6,23,71.4,0,0,0,788.6
6,2014,2187,2014-06,29.036666666666665,33.6,23,71.4,0,0,0,789.8
6,2015,792,2015-06,28.993333333333332,34.3,24.2,95.8,0,0,0,467.2
6,2015,792,2015-06,28.993333333333332,34.3,24.2,95.8,0,0,0,367.5
6,2015,792,2015-06,28.993333333333332,34.3,24.2,95.8,0,0,0,361.4
6,2015,792,2015-06,28.993333333333332,34.3,24.2,95.8,0,0,0,681.8
6,2015,792,2015-06,28.993333333333332,34.3,24.2,95.8,0,0,0,903
6,2015,792,2015-06,28.993333333333332,34.3,24.2,95.8,0,0,0,309.3
6,2016,1015,2016-06,28.509999999999998,33.4,22.5,163.2,0,0,0,497.7
6,2016,1015,2016-06,28.509999999999998,33.4,22.5,163.2,0,0,0,359.1
6,2016,1015,2016-06,28.509999999999998,33.4,22.5,163.2,0,0,0,355.3
6,2016,1015,2016-06,28.509999999999998,33.4,22.5,163.2,0,0,0,732.8
6,2016,1015,2016-06,28.509999999999998,33.4,22.5,163.2,0,0,0,964.2
6,2016,1015,2016-06,28.509999999999998,33.4,22.5,163.2,0,0,0,363.1
6,2017,289,2017-06,28.48,33,22.2,106,0,0,0,552.6
6,2017,289,2017-06,28.48,33,22.2,106,0,0,0,476.3
6,2017,289,2017-06,28.48,33,22.2,106,0,0,0,471.8
6,2017,289,2017-06,28.48,33,22.2,106,0,0,0,744.3
6,2017,289,2017-06,28.48,33,22.2,106,0,0,0,967.9
6,2017,289,2017-06,28.48,33,22.2,106,0,0,0,297.1
6,2018,267,2018-06,28.413333333333334,33.4,22.9,182.6,0,0,0,484.2
6,2018,267,2018-06,28.413333333333334,33.4,22.9,182.6,0,0,0,428.5
6,2018,267,2018-06,28.413333333333334,33.4,22.9,182.6,0,0,0,423.9
6,2018,267,2018-06,28.413333333333334,33.4,22.9,182.6,0,0,0,687.4
6,2018,267,2018-06,28.413333333333334,33.4,22.9,182.6,0,0,0,837.5
6,2018,267,2018-06,28.413333333333334,33.4,22.9,182.6,0,0,0,306.5
6,2019,1796,2019-06,28.42,33,23.3,173.8,0,0,0,442.5
6,2019,1796,2019-06,28.42,33,23.3,173.8,0,0,0,351
6,2019,1796,2019-06,28.42,33,23.3,173.8,0,0,0,350.4
6,2019,1796,2019-06,28.42,33,23.3,173.8,0,0,0,635
6,2019,1796,2019-06,28.42,33,23.3,173.8,0,0,0,830.3
6,2019,1796,2019-06,28.42,33,23.3,173.8,0,0,0,231.6
6,2020,4851,2020-06,28.116666666666667,33,23.7,467.6,201.6,201.6,240,627.9
6,2020,4851,2020-06,28.116666666666667,33,23.7,467.6,201.6,201.6,240,475.6
6,2020,4851,2020-06,28.116666666666667,33,23.7,467.6,201.6,201.6,240,474.4
6,2020,4851,2020-06,28.116666666666667,33,23.7,467.6,201.6,201.6,240,855
6,2020,4851,2020-06,28.116666666666667,33,23.7,467.6,201.6,201.6,240,1093.2
6,2020,4851,2020-06,28.116666666666667,33,23.7,467.6,201.6,201.6,240,370.4
6,2021,629,2021-06,28.533333333333335,33.7,23.4,186.8,127.2,149.2,166.8,553.2
6,2021,629,2021-06,28.533333333333335,33.7,23.4,186.8,127.2,149.2,166.8,432.2
6,2021,629,2021-06,28.533333333333335,33.7,23.4,186.8,127.2,149.2,166.8,430.2
6,2021,629,2021-06,28.533333333333335,33.7,23.4,186.8,127.2,149.2,166.8,781.1
6,2021,629,2021-06,28.533333333333335,33.7,23.4,186.8,127.2,149.2,166.8,1018.3
6,2021,629,2021-06,28.533333333333335,33.7,23.4,186.8,127.2,149.2,166.8,255.2
6,2022,6527,2022-06,27.923333333333332,33.6,22.9,423.6,268,362.4,406.8,450.8
6,2022,6527,2022-06,27.923333333333332,33.6,22.9,423.6,268,362.4,406.8,335.2
6,2022,6527,2022-06,27.923333333333332,33.6,22.9,423.6,268,362.4,406.8,333.2
6,2022,6527,2022-06,27.923333333333332,33.6,22.9,423.6,268,362.4,406.8,647.2
6,2022,6527,2022-06,27.923333333333332,33.6,22.9,423.6,268,362.4,406.8,802.7
6,2022,6527,2022-06,27.923333333333332,33.6,22.9,423.6,268,362.4,406.8,309.7
6,2023,917,2023-06,29.016666666666666,33.5,23.5,456.8,273.2,334.4,407.2,511.3
6,2023,917,2023-06,29.016666666666666,33.5,23.5,456.8,273.2,334.4,407.2,360.9
6,2023,917,2023-06,29.016666666666666,33.5,23.5,456.8,273.2,334.4,407.2,354.2
6,2023,917,2023-06,29.016666666666666,33.5,23.5,456.8,273.2,334.4,407.2,748.5
6,2023,917,2023-06,29.016666666666666,33.5,23.5,456.8,273.2,334.4,407.2,974.2
6,2023,917,2023-06,29.016666666666666,33.5,23.5,456.8,273.2,334.4,407.2,326.8999999999999
6,2024,1224,2024-06,28.683333333333334,34.1,22.6,490.8,238.8,304,410,451.4
6,2024,1224,2024-06,28.683333333333334,34.1,22.6,490.8,238.8,304,410,321.6
6,2024,1224,2024-06,28.683333333333334,34.1,22.6,490.8,238.8,304,410,319.8
6,2024,1224,2024-06,28.683333333333334,34.1,22.6,490.8,238.8,304,410,694.9
6,2024,1224,2024-06,28.683333333333334,34.1,22.6,490.8,238.8,304,410,874.2
6,2024,1224,2024-06,28.683333333333334,34.1,22.6,490.8,238.8,304,410,339.2
7,2014,3574,2014-07,28.703225806451613,33.2,21.1,148.6,0,0,0,465.6
7,2014,3574,2014-07,28.703225806451613,33.2,21.1,148.6,0,0,0,363
7,2014,3574,2014-07,28.703225806451613,33.2,21.1,148.6,0,0,0,357.4
7,2014,3574,2014-07,28.703225806451613,33.2,21.1,148.6,0,0,0,732.3
7,2014,3574,2014-07,28.703225806451613,33.2,21.1,148.6,0,0,0,733
7,2015,1320,2015-07,29.05483870967742,32.7,22.1,116.8,0,0,0,467.8
7,2015,1320,2015-07,29.05483870967742,32.7,22.1,116.8,0,0,0,349.2
7,2015,1320,2015-07,29.05483870967742,32.7,22.1,116.8,0,0,0,343.7
7,2015,1320,2015-07,29.05483870967742,32.7,22.1,116.8,0,0,0,678.6
7,2015,1320,2015-07,29.05483870967742,32.7,22.1,116.8,0,0,0,893.7
7,2015,1320,2015-07,29.05483870967742,32.7,22.1,116.8,0,0,0,300.2
7,2016,956,2016-07,28.406451612903226,33.4,22.5,168.6,0,0,0,467.1
7,2016,956,2016-07,28.406451612903226,33.4,22.5,168.6,0,0,0,375.2
7,2016,956,2016-07,28.406451612903226,33.4,22.5,168.6,0,0,0,370.7
7,2016,956,2016-07,28.406451612903226,33.4,22.5,168.6,0,0,0,679.1
7,2016,956,2016-07,28.406451612903226,33.4,22.5,168.6,0,0,0,886.9
7,2016,956,2016-07,28.406451612903226,33.4,22.5,168.6,0,0,0,309.3
7,2017,233,2017-07,28.296774193548387,32.4,23.5,80,0,0,0,496.4
7,2017,233,2017-07,28.296774193548387,32.4,23.5,80,0,0,0,456.6
7,2017,233,2017-07,28.296774193548387,32.4,23.5,80,0,0,0,452.1
7,2017,233,2017-07,28.296774193548387,32.4,23.5,80,0,0,0,664.7
7,2017,233,2017-07,28.296774193548387,32.4,23.5,80,0,0,0,826.3
7,2017,233,2017-07,28.296774193548387,32.4,23.5,80,0,0,0,288.7
7,2018,199,2018-07,28.48709677419355,33,21.9,143.2,0,0,0,438.5
7,2018,199,2018-07,28.48709677419355,33,21.9,143.2,0,0,0,366.9
7,2018,199,2018-07,28.48709677419355,33,21.9,143.2,0,0,0,363
7,2018,199,2018-07,28.48709677419355,33,21.9,143.2,0,0,0,620.5
7,2018,199,2018-07,28.48709677419355,33,21.9,143.2,0,0,0,750.3
7,2018,199,2018-07,28.48709677419355,33,21.9,143.2,0,0,0,268.2
7,2019,3105,2019-07,29.025806451612905,33.4,23.9,12.2,0,0,0,429
7,2019,3105,2019-07,29.025806451612905,33.4,23.9,12.2,0,0,0,341.4
7,2019,3105,2019-07,29.025806451612905,33.4,23.9,12.2,0,0,0,338.6
7,2019,3105,2019-07,29.025806451612905,33.4,23.9,12.2,0,0,0,630.9
7,2019,3105,2019-07,29.025806451612905,33.4,23.9,12.2,0,0,0,831
7,2019,3105,2019-07,29.025806451612905,33.4,23.9,12.2,0,0,0,227.4
7,2020,8001,2020-07,27.951612903225808,32.5,23.7,281.6,193.6,222.4,249.2,483.4
7,2020,8001,2020-07,27.951612903225808,32.5,23.7,281.6,193.6,222.4,249.2,376.7
7,2020,8001,2020-07,27.951612903225808,32.5,23.7,281.6,193.6,222.4,249.2,374.7
7,2020,8001,2020-07,27.951612903225808,32.5,23.7,281.6,193.6,222.4,249.2,692.2
7,2020,8001,2020-07,27.951612903225808,32.5,23.7,281.6,193.6,222.4,249.2,903.7
7,2020,8001,2020-07,27.951612903225808,32.5,23.7,281.6,193.6,222.4,249.2,250.9
7,2021,341,2021-07,28.61935483870968,33.4,23.2,391.6,210,273.6,327.6,495.3
7,2021,341,2021-07,28.61935483870968,33.4,23.2,391.6,210,273.6,327.6,387.2
7,2021,341,2021-07,28.61935483870968,33.4,23.2,391.6,210,273.6,327.6,385
7,2021,341,2021-07,28.61935483870968,33.4,23.2,391.6,210,273.6,327.6,691.3
7,2021,341,2021-07,28.61935483870968,33.4,23.2,391.6,210,273.6,327.6,889.2
7,2021,341,2021-07,28.61935483870968,33.4,23.2,391.6,210,273.6,327.6,226.1
7,2022,4210,2022-07,28.606451612903225,32.9,22.2,290.4,193.6,244.4,263.6,438.2
7,2022,4210,2022-07,28.606451612903225,32.9,22.2,290.4,193.6,244.4,263.6,343.9
7,2022,4210,2022-07,28.606451612903225,32.9,22.2,290.4,193.6,244.4,263.6,342.3
7,2022,4210,2022-07,28.606451612903225,32.9,22.2,290.4,193.6,244.4,263.6,640.5
7,2022,4210,2022-07,28.606451612903225,32.9,22.2,290.4,193.6,244.4,263.6,823.9
7,2022,4210,2022-07,28.606451612903225,32.9,22.2,290.4,193.6,244.4,263.6,252.5
7,2023,858,2023-07,28.74516129032258,33.6,22.8,316,184,233.2,254.8,427
7,2023,858,2023-07,28.74516129032258,33.6,22.8,316,184,233.2,254.8,298
7,2023,858,2023-07,28.74516129032258,33.6,22.8,316,184,233.2,254.8,293.8999999999999
7,2023,858,2023-07,28.74516129032258,33.6,22.8,316,184,233.2,254.8,629.5
7,2023,858,2023-07,28.74516129032258,33.6,22.8,316,184,233.2,254.8,805.9
7,2023,858,2023-07,28.74516129032258,33.6,22.8,316,184,233.2,254.8,282.2
7,2024,1165,2024-07,29.25483870967742,33.7,23.4,73.6,54,60.4,66.39999999999999,NA
8,2014,1768,2014-08,27.65806451612903,31.9,22,241,0,0,0,474.9
8,2014,1768,2014-08,27.65806451612903,31.9,22,241,0,0,0,380.6
8,2014,1768,2014-08,27.65806451612903,31.9,22,241,0,0,0,375.1
8,2014,1768,2014-08,27.65806451612903,31.9,22,241,0,0,0,724.1
8,2014,1768,2014-08,27.65806451612903,31.9,22,241,0,0,0,720.7
8,2015,922,2015-08,28.4,33.1,22.6,185.8,0,0,0,486.8
8,2015,922,2015-08,28.4,33.1,22.6,185.8,0,0,0,377.4
8,2015,922,2015-08,28.4,33.1,22.6,185.8,0,0,0,376.9
8,2015,922,2015-08,28.4,33.1,22.6,185.8,0,0,0,648
8,2015,922,2015-08,28.4,33.1,22.6,185.8,0,0,0,843.4
8,2015,922,2015-08,28.4,33.1,22.6,185.8,0,0,0,327.2
8,2016,1208,2016-08,28.89677419354839,33.8,22.1,139.2,0,0,0,494.4
8,2016,1208,2016-08,28.89677419354839,33.8,22.1,139.2,0,0,0,438.1
8,2016,1208,2016-08,28.89677419354839,33.8,22.1,139.2,0,0,0,433.1
8,2016,1208,2016-08,28.89677419354839,33.8,22.1,139.2,0,0,0,572.7
8,2016,1208,2016-08,28.89677419354839,33.8,22.1,139.2,0,0,0,747.4
8,2016,1208,2016-08,28.89677419354839,33.8,22.1,139.2,0,0,0,253.5
8,2017,253,2017-08,28.11935483870968,33,23.7,84.2,0,0,0,386.2
8,2017,253,2017-08,28.11935483870968,33,23.7,84.2,0,0,0,266.3999999999999
8,2017,253,2017-08,28.11935483870968,33,23.7,84.2,0,0,0,262.8999999999999
8,2017,253,2017-08,28.11935483870968,33,23.7,84.2,0,0,0,655.5
8,2017,253,2017-08,28.11935483870968,33,23.7,84.2,0,0,0,819.7
8,2017,253,2017-08,28.11935483870968,33,23.7,84.2,0,0,0,276.2
8,2018,296,2018-08,28.519354838709678,33.2,21.9,121.60000000000001,0,0,0,438
8,2018,296,2018-08,28.519354838709678,33.2,21.9,121.60000000000001,0,0,0,299.3999999999999
8,2018,296,2018-08,28.519354838709678,33.2,21.9,121.60000000000001,0,0,0,295.6
8,2018,296,2018-08,28.519354838709678,33.2,21.9,121.60000000000001,0,0,0,647.9
8,2018,296,2018-08,28.519354838709678,33.2,21.9,121.60000000000001,0,0,0,794.8
8,2018,296,2018-08,28.519354838709678,33.2,21.9,121.60000000000001,0,0,0,252.2
8,2019,1935,2019-08,29.12258064516129,34,24.5,11.8,0,0,0,441.3
8,2019,1935,2019-08,29.12258064516129,34,24.5,11.8,0,0,0,362.7
8,2019,1935,2019-08,29.12258064516129,34,24.5,11.8,0,0,0,358.6
8,2019,1935,2019-08,29.12258064516129,34,24.5,11.8,0,0,0,642.7
8,2019,1935,2019-08,29.12258064516129,34,24.5,11.8,0,0,0,857.5
8,2019,1935,2019-08,29.12258064516129,34,24.5,11.8,0,0,0,206.2
8,2020,5439,2020-08,28.280645161290323,33,22.5,206.8,121.6,158.79999999999998,178,466.3
8,2020,5439,2020-08,28.280645161290323,33,22.5,206.8,121.6,158.79999999999998,178,319.3
8,2020,5439,2020-08,28.280645161290323,33,22.5,206.8,121.6,158.79999999999998,178,317.8
8,2020,5439,2020-08,28.280645161290323,33,22.5,206.8,121.6,158.79999999999998,178,708.4
8,2020,5439,2020-08,28.280645161290323,33,22.5,206.8,121.6,158.79999999999998,178,925.9
8,2020,5439,2020-08,28.280645161290323,33,22.5,206.8,121.6,158.79999999999998,178,250.5
8,2021,258,2021-08,27.587096774193547,32.9,21.9,587.2,260.8,318.4,420,480.4
8,2021,258,2021-08,27.587096774193547,32.9,21.9,587.2,260.8,318.4,420,317.5
8,2021,258,2021-08,27.587096774193547,32.9,21.9,587.2,260.8,318.4,420,316
8,2021,258,2021-08,27.587096774193547,32.9,21.9,587.2,260.8,318.4,420,693.2
8,2021,258,2021-08,27.587096774193547,32.9,21.9,587.2,260.8,318.4,420,911.4
8,2021,258,2021-08,27.587096774193547,32.9,21.9,587.2,260.8,318.4,420,192.8
8,2022,3697,2022-08,28.135483870967743,33.2,23.7,282.8,168.8,200.8,227.6,422.1
8,2022,3697,2022-08,28.135483870967743,33.2,23.7,282.8,168.8,200.8,227.6,323.2
8,2022,3697,2022-08,28.135483870967743,33.2,23.7,282.8,168.8,200.8,227.6,321.3999999999999
8,2022,3697,2022-08,28.135483870967743,33.2,23.7,282.8,168.8,200.8,227.6,582.4
8,2022,3697,2022-08,28.135483870967743,33.2,23.7,282.8,168.8,200.8,227.6,757.6
8,2022,3697,2022-08,28.135483870967743,33.2,23.7,282.8,168.8,200.8,227.6,218.2
8,2023,961,2023-08,28.68064516129032,33.2,23.7,228,137.6,152.4,174.4,451.6
8,2023,961,2023-08,28.68064516129032,33.2,23.7,228,137.6,152.4,174.4,326.8999999999999
8,2023,961,2023-08,28.68064516129032,33.2,23.7,228,137.6,152.4,174.4,324.2
8,2023,961,2023-08,28.68064516129032,33.2,23.7,228,137.6,152.4,174.4,673
8,2023,961,2023-08,28.68064516129032,33.2,23.7,228,137.6,152.4,174.4,868.8
8,2023,961,2023-08,28.68064516129032,33.2,23.7,228,137.6,152.4,174.4,296.3
8,2024,1072,2024-08,28.664516129032258,33.6,23.8,171.6,96.8,120.4,125.2,NA
9,2014,1443,2014-09,28.503333333333334,33.2,22.4,83.6,0,0,0,450.5
9,2014,1443,2014-09,28.503333333333334,33.2,22.4,83.6,0,0,0,337.9
9,2014,1443,2014-09,28.503333333333334,33.2,22.4,83.6,0,0,0,332.6
9,2014,1443,2014-09,28.503333333333334,33.2,22.4,83.6,0,0,0,697.1
9,2014,1443,2014-09,28.503333333333334,33.2,22.4,83.6,0,0,0,696.9
9,2015,1237,2015-09,28.68,33.2,23.1,61.599999999999994,0,0,0,473.3
9,2015,1237,2015-09,28.68,33.2,23.1,61.599999999999994,0,0,0,354.6
9,2015,1237,2015-09,28.68,33.2,23.1,61.599999999999994,0,0,0,351.8
9,2015,1237,2015-09,28.68,33.2,23.1,61.599999999999994,0,0,0,687.8
9,2015,1237,2015-09,28.68,33.2,23.1,61.599999999999994,0,0,0,904.6
9,2015,1237,2015-09,28.68,33.2,23.1,61.599999999999994,0,0,0,313.7
9,2016,723,2016-09,28.286666666666665,34.4,22.6,118.9,0,0,0,517.1
9,2016,723,2016-09,28.286666666666665,34.4,22.6,118.9,0,0,0,406.4
9,2016,723,2016-09,28.286666666666665,34.4,22.6,118.9,0,0,0,401.7
9,2016,723,2016-09,28.286666666666665,34.4,22.6,118.9,0,0,0,675.4
9,2016,723,2016-09,28.286666666666665,34.4,22.6,118.9,0,0,0,877.1
9,2016,723,2016-09,28.286666666666665,34.4,22.6,118.9,0,0,0,304.8999999999999
9,2017,191,2017-09,27.963333333333335,32.4,22.3,125.2,0,0,0,439.2
9,2017,191,2017-09,27.963333333333335,32.4,22.3,125.2,0,0,0,359.1
9,2017,191,2017-09,27.963333333333335,32.4,22.3,125.2,0,0,0,354.8
9,2017,191,2017-09,27.963333333333335,32.4,22.3,125.2,0,0,0,647.6
9,2017,191,2017-09,27.963333333333335,32.4,22.3,125.2,0,0,0,802.8
9,2017,191,2017-09,27.963333333333335,32.4,22.3,125.2,0,0,0,278.8
9,2018,228,2018-09,27.97,33,21.4,144.4,0,0,0,415
9,2018,228,2018-09,27.97,33,21.4,144.4,0,0,0,358.4
9,2018,228,2018-09,27.97,33,21.4,144.4,0,0,0,354.2
9,2018,228,2018-09,27.97,33,21.4,144.4,0,0,0,585.1
9,2018,228,2018-09,27.97,33,21.4,144.4,0,0,0,702.7
9,2018,228,2018-09,27.97,33,21.4,144.4,0,0,0,252.5
9,2019,1205,2019-09,29.036666666666665,34.3,22.9,22.799999999999997,0,0,0,440.8
9,2019,1205,2019-09,29.036666666666665,34.3,22.9,22.799999999999997,0,0,0,353.7
9,2019,1205,2019-09,29.036666666666665,34.3,22.9,22.799999999999997,0,0,0,350.4
9,2019,1205,2019-09,29.036666666666665,34.3,22.9,22.799999999999997,0,0,0,602.7
9,2019,1205,2019-09,29.036666666666665,34.3,22.9,22.799999999999997,0,0,0,795.1
9,2019,1205,2019-09,29.036666666666665,34.3,22.9,22.799999999999997,0,0,0,211.6
9,2020,3520,2020-09,27.533333333333335,33.2,21.9,300.4,142,179.6,215.2,466.1
9,2020,3520,2020-09,27.533333333333335,33.2,21.9,300.4,142,179.6,215.2,348.7
9,2020,3520,2020-09,27.533333333333335,33.2,21.9,300.4,142,179.6,215.2,346.9
9,2020,3520,2020-09,27.533333333333335,33.2,21.9,300.4,142,179.6,215.2,681.6
9,2020,3520,2020-09,27.533333333333335,33.2,21.9,300.4,142,179.6,215.2,897.3
9,2020,3520,2020-09,27.533333333333335,33.2,21.9,300.4,142,179.6,215.2,231.3
9,2021,396,2021-09,28.3,33.3,22.5,410.8,267.2,370,412.4,474.1
9,2021,396,2021-09,28.3,33.3,22.5,410.8,267.2,370,412.4,350.5
9,2021,396,2021-09,28.3,33.3,22.5,410.8,267.2,370,412.4,348.6
9,2021,396,2021-09,28.3,33.3,22.5,410.8,267.2,370,412.4,708.4
9,2021,396,2021-09,28.3,33.3,22.5,410.8,267.2,370,412.4,903.1
9,2021,396,2021-09,28.3,33.3,22.5,410.8,267.2,370,412.4,272
9,2022,2012,2022-09,27.93,32.6,22.4,242,139.2,185.2,206.79999999999998,438.4
9,2022,2012,2022-09,27.93,32.6,22.4,242,139.2,185.2,206.79999999999998,329.6
9,2022,2012,2022-09,27.93,32.6,22.4,242,139.2,185.2,206.79999999999998,327.9
9,2022,2012,2022-09,27.93,32.6,22.4,242,139.2,185.2,206.79999999999998,629.4
9,2022,2012,2022-09,27.93,32.6,22.4,242,139.2,185.2,206.79999999999998,819.9
9,2022,2012,2022-09,27.93,32.6,22.4,242,139.2,185.2,206.79999999999998,257.1
9,2023,1235,2023-09,28.743333333333332,33.8,23.3,266,201.6,237.6,249.6,459.8
9,2023,1235,2023-09,28.743333333333332,33.8,23.3,266,201.6,237.6,249.6,326.7
9,2023,1235,2023-09,28.743333333333332,33.8,23.3,266,201.6,237.6,249.6,323.3
9,2023,1235,2023-09,28.743333333333332,33.8,23.3,266,201.6,237.6,249.6,665.2
9,2023,1235,2023-09,28.743333333333332,33.8,23.3,266,201.6,237.6,249.6,878.3
9,2023,1235,2023-09,28.743333333333332,33.8,23.3,266,201.6,237.6,249.6,252.3
9,2024,726,2024-09,28.756666666666668,33.9,23.3,244.8,168.4,206,238.39999999999998,NA
10,2014,1313,2014-10,28.393548387096775,34.1,24,120,0,0,0,467.6
10,2014,1313,2014-10,28.393548387096775,34.1,24,120,0,0,0,354.4
10,2014,1313,2014-10,28.393548387096775,34.1,24,120,0,0,0,351.5
10,2014,1313,2014-10,28.393548387096775,34.1,24,120,0,0,0,763.6
10,2014,1313,2014-10,28.393548387096775,34.1,24,120,0,0,0,761.5
10,2015,941,2015-10,28.674193548387098,33.6,21.9,87.2,0,0,0,491.7
10,2015,941,2015-10,28.674193548387098,33.6,21.9,87.2,0,0,0,395.1
10,2015,941,2015-10,28.674193548387098,33.6,21.9,87.2,0,0,0,387.9
10,2015,941,2015-10,28.674193548387098,33.6,21.9,87.2,0,0,0,674.5
10,2015,941,2015-10,28.674193548387098,33.6,21.9,87.2,0,0,0,887.2
10,2015,941,2015-10,28.674193548387098,33.6,21.9,87.2,0,0,0,305.8
10,2016,409,2016-10,28.335483870967742,34.6,21.6,181,0,0,0,428.9
10,2016,409,2016-10,28.335483870967742,34.6,21.6,181,0,0,0,357.8
10,2016,409,2016-10,28.335483870967742,34.6,21.6,181,0,0,0,353.6
10,2016,409,2016-10,28.335483870967742,34.6,21.6,181,0,0,0,572.9
10,2016,409,2016-10,28.335483870967742,34.6,21.6,181,0,0,0,739
10,2016,409,2016-10,28.335483870967742,34.6,21.6,181,0,0,0,282.3
10,2017,247,2017-10,27.88064516129032,34.6,23.5,121.6,0,0,0,458.1
10,2017,247,2017-10,27.88064516129032,34.6,23.5,121.6,0,0,0,415.8
10,2017,247,2017-10,27.88064516129032,34.6,23.5,121.6,0,0,0,411.8
10,2017,247,2017-10,27.88064516129032,34.6,23.5,121.6,0,0,0,634.3
10,2017,247,2017-10,27.88064516129032,34.6,23.5,121.6,0,0,0,796.8
10,2017,247,2017-10,27.88064516129032,34.6,23.5,121.6,0,0,0,262.8999999999999
10,2018,316,2018-10,27.903225806451612,34.5,22.5,234.4,0,0,0,413.4
10,2018,316,2018-10,27.903225806451612,34.5,22.5,234.4,0,0,0,341.9
10,2018,316,2018-10,27.903225806451612,34.5,22.5,234.4,0,0,0,337.7
10,2018,316,2018-10,27.903225806451612,34.5,22.5,234.4,0,0,0,581.9
10,2018,316,2018-10,27.903225806451612,34.5,22.5,234.4,0,0,0,715.9
10,2018,316,2018-10,27.903225806451612,34.5,22.5,234.4,0,0,0,233.3
10,2019,1262,2019-10,28.138709677419353,34.4,22.9,176.8,0,0,0,426.4
10,2019,1262,2019-10,28.138709677419353,34.4,22.9,176.8,0,0,0,317.5
10,2019,1262,2019-10,28.138709677419353,34.4,22.9,176.8,0,0,0,314.1
10,2019,1262,2019-10,28.138709677419353,34.4,22.9,176.8,0,0,0,607.4
10,2019,1262,2019-10,28.138709677419353,34.4,22.9,176.8,0,0,0,776.9
10,2019,1262,2019-10,28.138709677419353,34.4,22.9,176.8,0,0,0,257.6
10,2020,2116,2020-10,28.293548387096774,34.1,22.2,157.6,118.8,131.6,146,454.8
10,2020,2116,2020-10,28.293548387096774,34.1,22.2,157.6,118.8,131.6,146,317.3
10,2020,2116,2020-10,28.293548387096774,34.1,22.2,157.6,118.8,131.6,146,315.7
10,2020,2116,2020-10,28.293548387096774,34.1,22.2,157.6,118.8,131.6,146,664
10,2020,2116,2020-10,28.293548387096774,34.1,22.2,157.6,118.8,131.6,146,844
10,2020,2116,2020-10,28.293548387096774,34.1,22.2,157.6,118.8,131.6,146,288.5
10,2021,340,2021-10,28.474193548387095,33.8,23.2,354,208,263.6,298,463.5
10,2021,340,2021-10,28.474193548387095,33.8,23.2,354,208,263.6,298,311.6
10,2021,340,2021-10,28.474193548387095,33.8,23.2,354,208,263.6,298,310.1
10,2021,340,2021-10,28.474193548387095,33.8,23.2,354,208,263.6,298,684.3
10,2021,340,2021-10,28.474193548387095,33.8,23.2,354,208,263.6,298,878.4
10,2021,340,2021-10,28.474193548387095,33.8,23.2,354,208,263.6,298,234.9
10,2022,1460,2022-10,27.545161290322582,34.6,23.1,279.6,181,220.4,267.2,398.3
10,2022,1460,2022-10,27.545161290322582,34.6,23.1,279.6,181,220.4,267.2,280.5
10,2022,1460,2022-10,27.545161290322582,34.6,23.1,279.6,181,220.4,267.2,279.7
10,2022,1460,2022-10,27.545161290322582,34.6,23.1,279.6,181,220.4,267.2,585.1
10,2022,1460,2022-10,27.545161290322582,34.6,23.1,279.6,181,220.4,267.2,795.8
10,2022,1460,2022-10,27.545161290322582,34.6,23.1,279.6,181,220.4,267.2,160.5
10,2023,878,2023-10,29.006451612903227,34.6,24.2,193.2,153.6,184.79999999999998,187.6,439.5
10,2023,878,2023-10,29.006451612903227,34.6,24.2,193.2,153.6,184.79999999999998,187.6,322.3999999999999
10,2023,878,2023-10,29.006451612903227,34.6,24.2,193.2,153.6,184.79999999999998,187.6,322
10,2023,878,2023-10,29.006451612903227,34.6,24.2,193.2,153.6,184.79999999999998,187.6,594.5
10,2023,878,2023-10,29.006451612903227,34.6,24.2,193.2,153.6,184.79999999999998,187.6,767.8
10,2023,878,2023-10,29.006451612903227,34.6,24.2,193.2,153.6,184.79999999999998,187.6,273.8
10,2024,615,2024-10,28.54193548387097,34.4,22.4,295.2,179.20000000000002,239.20000000000002,264.8,NA
11,2014,638,2014-11,27.496666666666666,33.4,22.2,250.8,0,0,0,435.2
11,2014,638,2014-11,27.496666666666666,33.4,22.2,250.8,0,0,0,318
11,2014,638,2014-11,27.496666666666666,33.4,22.2,250.8,0,0,0,314.1
11,2014,638,2014-11,27.496666666666666,33.4,22.2,250.8,0,0,0,707.5
11,2014,638,2014-11,27.496666666666666,33.4,22.2,250.8,0,0,0,706.5
11,2015,1001,2015-11,27.963333333333335,33.6,23.7,72.60000000000001,0,0,0,459.7
11,2015,1001,2015-11,27.963333333333335,33.6,23.7,72.60000000000001,0,0,0,339.3
11,2015,1001,2015-11,27.963333333333335,33.6,23.7,72.60000000000001,0,0,0,334.8
11,2015,1001,2015-11,27.963333333333335,33.6,23.7,72.60000000000001,0,0,0,645.6
11,2015,1001,2015-11,27.963333333333335,33.6,23.7,72.60000000000001,0,0,0,834.4
11,2015,1001,2015-11,27.963333333333335,33.6,23.7,72.60000000000001,0,0,0,331
11,2016,401,2016-11,27.433333333333334,32.6,22.7,290.2,0,0,0,467.1
11,2016,401,2016-11,27.433333333333334,32.6,22.7,290.2,0,0,0,386.9
11,2016,401,2016-11,27.433333333333334,32.6,22.7,290.2,0,0,0,382.4
11,2016,401,2016-11,27.433333333333334,32.6,22.7,290.2,0,0,0,614.1
11,2016,401,2016-11,27.433333333333334,32.6,22.7,290.2,0,0,0,804.2
11,2016,401,2016-11,27.433333333333334,32.6,22.7,290.2,0,0,0,266.5
11,2017,218,2017-11,27.07,32.5,23.1,271,0,0,0,454.5
11,2017,218,2017-11,27.07,32.5,23.1,271,0,0,0,378.7
11,2017,218,2017-11,27.07,32.5,23.1,271,0,0,0,374.5
11,2017,218,2017-11,27.07,32.5,23.1,271,0,0,0,676.8
11,2017,218,2017-11,27.07,32.5,23.1,271,0,0,0,859.7
11,2017,218,2017-11,27.07,32.5,23.1,271,0,0,0,266.8
11,2018,355,2018-11,27.293333333333333,33.4,22.4,169.6,0,0,0,437.5
11,2018,355,2018-11,27.293333333333333,33.4,22.4,169.6,0,0,0,353.7
11,2018,355,2018-11,27.293333333333333,33.4,22.4,169.6,0,0,0,349.5
11,2018,355,2018-11,27.293333333333333,33.4,22.4,169.6,0,0,0,637.7
11,2018,355,2018-11,27.293333333333333,33.4,22.4,169.6,0,0,0,787.7
11,2018,355,2018-11,27.293333333333333,33.4,22.4,169.6,0,0,0,247.7
11,2019,1320,2019-11,28.013333333333332,34.4,22.9,137.4,0,0,0,453.3
11,2019,1320,2019-11,28.013333333333332,34.4,22.9,137.4,0,0,0,359
11,2019,1320,2019-11,28.013333333333332,34.4,22.9,137.4,0,0,0,355.3
11,2019,1320,2019-11,28.013333333333332,34.4,22.9,137.4,0,0,0,628.5
11,2019,1320,2019-11,28.013333333333332,34.4,22.9,137.4,0,0,0,827.4
11,2019,1320,2019-11,28.013333333333332,34.4,22.9,137.4,0,0,0,224.3
11,2020,1298,2020-11,27.246666666666666,33.4,23.3,441.2,238.79999999999998,299.2,354.8,435.8
11,2020,1298,2020-11,27.246666666666666,33.4,23.3,441.2,238.79999999999998,299.2,354.8,314.3999999999999
11,2020,1298,2020-11,27.246666666666666,33.4,23.3,441.2,238.79999999999998,299.2,354.8,312.7
11,2020,1298,2020-11,27.246666666666666,33.4,23.3,441.2,238.79999999999998,299.2,354.8,641.6
11,2020,1298,2020-11,27.246666666666666,33.4,23.3,441.2,238.79999999999998,299.2,354.8,816.4
11,2020,1298,2020-11,27.246666666666666,33.4,23.3,441.2,238.79999999999998,299.2,354.8,244.2
11,2021,220,2021-11,27.59,33.9,22.8,624.8,352,480,565.2,440.5
11,2021,220,2021-11,27.59,33.9,22.8,624.8,352,480,565.2,313.3999999999999
11,2021,220,2021-11,27.59,33.9,22.8,624.8,352,480,565.2,313.2
11,2021,220,2021-11,27.59,33.9,22.8,624.8,352,480,565.2,638.5
11,2021,220,2021-11,27.59,33.9,22.8,624.8,352,480,565.2,812.3
11,2021,220,2021-11,27.59,33.9,22.8,624.8,352,480,565.2,238.7
11,2022,1434,2022-11,27.366666666666667,33.9,22.4,627.6,424.8,516.4,574,384.4
11,2022,1434,2022-11,27.366666666666667,33.9,22.4,627.6,424.8,516.4,574,296.7
11,2022,1434,2022-11,27.366666666666667,33.9,22.4,627.6,424.8,516.4,574,295.5
11,2022,1434,2022-11,27.366666666666667,33.9,22.4,627.6,424.8,516.4,574,574.6
11,2022,1434,2022-11,27.366666666666667,33.9,22.4,627.6,424.8,516.4,574,731.6
11,2022,1434,2022-11,27.366666666666667,33.9,22.4,627.6,424.8,516.4,574,245.6
11,2023,766,2023-11,27.863333333333333,34.6,23.9,438,252.4,309.59999999999997,342,450.1
11,2023,766,2023-11,27.863333333333333,34.6,23.9,438,252.4,309.59999999999997,342,325.7
11,2023,766,2023-11,27.863333333333333,34.6,23.9,438,252.4,309.59999999999997,342,323.7
11,2023,766,2023-11,27.863333333333333,34.6,23.9,438,252.4,309.59999999999997,342,650
11,2023,766,2023-11,27.863333333333333,34.6,23.9,438,252.4,309.59999999999997,342,847.9
11,2023,766,2023-11,27.863333333333333,34.6,23.9,438,252.4,309.59999999999997,342,278.3
11,2024,426,2024-11,27.356666666666666,34.6,23.6,814.8,454.8,609.6,707.6,NA
12,2014,933,2014-12,27.058064516129033,33.6,22.4,245.6,0,0,0,398.7
12,2014,933,2014-12,27.058064516129033,33.6,22.4,245.6,0,0,0,314.5
12,2014,933,2014-12,27.058064516129033,33.6,22.4,245.6,0,0,0,306.3
12,2014,933,2014-12,27.058064516129033,33.6,22.4,245.6,0,0,0,624.8
12,2014,933,2014-12,27.058064516129033,33.6,22.4,245.6,0,0,0,623.5
12,2015,1773,2015-12,27.72258064516129,33.1,22.5,302,0,0,0,431.1
12,2015,1773,2015-12,27.72258064516129,33.1,22.5,302,0,0,0,333.3
12,2015,1773,2015-12,27.72258064516129,33.1,22.5,302,0,0,0,328.4
12,2015,1773,2015-12,27.72258064516129,33.1,22.5,302,0,0,0,602.3
12,2015,1773,2015-12,27.72258064516129,33.1,22.5,302,0,0,0,723.8
12,2015,1773,2015-12,27.72258064516129,33.1,22.5,302,0,0,0,403.2
12,2016,276,2016-12,27.406451612903226,33.6,23,292.6,0,0,0,379.5
12,2016,276,2016-12,27.406451612903226,33.6,23,292.6,0,0,0,328
12,2016,276,2016-12,27.406451612903226,33.6,23,292.6,0,0,0,324.5
12,2016,276,2016-12,27.406451612903226,33.6,23,292.6,0,0,0,561.2
12,2016,276,2016-12,27.406451612903226,33.6,23,292.6,0,0,0,724.2
12,2016,276,2016-12,27.406451612903226,33.6,23,292.6,0,0,0,294.6
12,2017,191,2017-12,26.990322580645163,33.5,23.2,371.2,0,0,0,379.6
12,2017,191,2017-12,26.990322580645163,33.5,23.2,371.2,0,0,0,302.2
12,2017,191,2017-12,26.990322580645163,33.5,23.2,371.2,0,0,0,298.6
12,2017,191,2017-12,26.990322580645163,33.5,23.2,371.2,0,0,0,595
12,2017,191,2017-12,26.990322580645163,33.5,23.2,371.2,0,0,0,736.2
12,2017,191,2017-12,26.990322580645163,33.5,23.2,371.2,0,0,0,258.7
12,2018,510,2018-12,27.587096774193547,33.8,23.6,172.6,0,0,0,384.4
12,2018,510,2018-12,27.587096774193547,33.8,23.6,172.6,0,0,0,323.6
12,2018,510,2018-12,27.587096774193547,33.8,23.6,172.6,0,0,0,321.8
12,2018,510,2018-12,27.587096774193547,33.8,23.6,172.6,0,0,0,558.1
12,2018,510,2018-12,27.587096774193547,33.8,23.6,172.6,0,0,0,705.9
12,2018,510,2018-12,27.587096774193547,33.8,23.6,172.6,0,0,0,204.8
12,2019,1039,2019-12,26.74516129032258,32.3,22.7,421.5,0,0,0,333.3
12,2019,1039,2019-12,26.74516129032258,32.3,22.7,421.5,0,0,0,201.4
12,2019,1039,2019-12,26.74516129032258,32.3,22.7,421.5,0,0,0,198.6
12,2019,1039,2019-12,26.74516129032258,32.3,22.7,421.5,0,0,0,527.3
12,2019,1039,2019-12,26.74516129032258,32.3,22.7,421.5,0,0,0,692.4
12,2019,1039,2019-12,26.74516129032258,32.3,22.7,421.5,0,0,0,194.3
12,2020,1077,2020-12,27.174193548387098,33.5,23,506.40000000000003,355.6,410.4,444.8,439.4
12,2020,1077,2020-12,27.174193548387098,33.5,23,506.40000000000003,355.6,410.4,444.8,332
12,2020,1077,2020-12,27.174193548387098,33.5,23,506.40000000000003,355.6,410.4,444.8,329.9
12,2020,1077,2020-12,27.174193548387098,33.5,23,506.40000000000003,355.6,410.4,444.8,642.4
12,2020,1077,2020-12,27.174193548387098,33.5,23,506.40000000000003,355.6,410.4,444.8,816.7
12,2020,1077,2020-12,27.174193548387098,33.5,23,506.40000000000003,355.6,410.4,444.8,244
12,2021,318,2021-12,27.677419354838708,33.9,22.9,239.2,150.4,182.4,199.2,443.2
12,2021,318,2021-12,27.677419354838708,33.9,22.9,239.2,150.4,182.4,199.2,318.1
12,2021,318,2021-12,27.677419354838708,33.9,22.9,239.2,150.4,182.4,199.2,317.1
12,2021,318,2021-12,27.677419354838708,33.9,22.9,239.2,150.4,182.4,199.2,654.7
12,2021,318,2021-12,27.677419354838708,33.9,22.9,239.2,150.4,182.4,199.2,852.4
12,2021,318,2021-12,27.677419354838708,33.9,22.9,239.2,150.4,182.4,199.2,223.5
12,2022,1170,2022-12,26.748387096774195,32.7,23.1,430.8,280.4,332.8,368.4,397.4
12,2022,1170,2022-12,26.748387096774195,32.7,23.1,430.8,280.4,332.8,368.4,282.8
12,2022,1170,2022-12,26.748387096774195,32.7,23.1,430.8,280.4,332.8,368.4,280.5
12,2022,1170,2022-12,26.748387096774195,32.7,23.1,430.8,280.4,332.8,368.4,593.3
12,2022,1170,2022-12,26.748387096774195,32.7,23.1,430.8,280.4,332.8,368.4,768.1
12,2022,1170,2022-12,26.748387096774195,32.7,23.1,430.8,280.4,332.8,368.4,214.7
12,2023,902,2023-12,27.3,32.8,23.4,512.4,256.4,347.2,460.8,362.7
12,2023,902,2023-12,27.3,32.8,23.4,512.4,256.4,347.2,460.8,260.7
12,2023,902,2023-12,27.3,32.8,23.4,512.4,256.4,347.2,460.8,259.6
12,2023,902,2023-12,27.3,32.8,23.4,512.4,256.4,347.2,460.8,474.9
12,2023,902,2023-12,27.3,32.8,23.4,512.4,256.4,347.2,460.8,706.3
12,2023,902,2023-12,27.3,32.8,23.4,512.4,256.4,347.2,460.8,40.30000000000001
12,2024,391,2024-12,27.65806451612903,35.6,22.8,468.8,308,399.2,430.8,NA
